FileName,SHA,Issue
addons/hr_timesheet_sheet/hr_timesheet_sheet.py,16a969214fd1c468b5a2df6ac4624e588c3e5b35,546
addons/account_anglo_saxon/invoice.py,3a50d4b35b67743122899a3a525c93bcdab23f80,1817
openerp/modules/loading.py,938502aa37b53f218a2b48e1fb36f45cb6fa67ef,953
addons/website/static/src/js/website.js,8d08e067584587e9cd06a738258f2771534d6000,2463
addons/website_event/views/website_event.xml,8d08e067584587e9cd06a738258f2771534d6000,2463
addons/website_event_track/static/src/css/website_event_track.css,8d08e067584587e9cd06a738258f2771534d6000,2463
addons/website_event_track/views/website_event.xml,8d08e067584587e9cd06a738258f2771534d6000,2463
addons/website_mail/static/src/js/website_email_designer.js,8d08e067584587e9cd06a738258f2771534d6000,2463
addons/website_mail/views/website_email_designer.xml,8d08e067584587e9cd06a738258f2771534d6000,2463
addons/website_mail/views/website_mail.xml,8d08e067584587e9cd06a738258f2771534d6000,2463
addons/website_quote/static/src/css/website_quotation.css,8d08e067584587e9cd06a738258f2771534d6000,2463
addons/website_quote/static/src/js/website_quotation.js,8d08e067584587e9cd06a738258f2771534d6000,2463
addons/website_quote/views/website_quotation.xml,8d08e067584587e9cd06a738258f2771534d6000,2463
addons/website_sale/views/templates.xml,8d08e067584587e9cd06a738258f2771534d6000,2463
addons/auth_ldap/users_ldap.py,0a9c64c17de3208231d3ff982c034f25c608c6fb,1982
addons/web_calendar/i18n/web_calendar.pot,b8ef7215dea11c2e62060a32520248e321b02677,1755
addons/web_calendar/static/src/xml/web_fullcalendar.xml,b8ef7215dea11c2e62060a32520248e321b02677,1755
openerp/addons/base/ir/ir_ui_view.py,3caafac8c02c773aa6ae1243e03edd64c2ad081b,1755
openerp/addons/base/ir/ir_translation.py,b7a2cc13bad36e08e1e1f56391bc95a6ab623c9b,1755
addons/portal_sale/security/ir.model.access.csv,67eb6894b8620b8ef29cb1b85abb7dcf1ff57b2d,1961
addons/account/account_invoice.py,9f481d6c64469d93c0d99dc5c5224457fbab40b7,2280
addons/website_sale/views/templates.xml,9c0964ccadadb7358ac0184effdf3c836a04f7ce,2348
addons/l10n_ro/res_partner.py,5f9682c35304af14a58b9160ec15ccfd44c96c67,720
addons/web/static/src/js/chrome.js,97d99d1974c965506ed9005d4854fcc5ffee0590,2259
openerp/models.py,85533e184180dc31e33761148fe926a0b25259e2,2309
addons/website/controllers/main.py,bae5a75ce1847a89ca1c3557c732c46fc04022a8,2317
addons/website/static/src/js/website.theme.js,bae5a75ce1847a89ca1c3557c732c46fc04022a8,2317
addons/web/static/src/css/base.css,8ef044616a7f8fe06a6bf053fda9746a678a607d,271
addons/web/static/src/css/base.sass,8ef044616a7f8fe06a6bf053fda9746a678a607d,271
addons/web/static/src/css/base.css,8ef044616a7f8fe06a6bf053fda9746a678a607d,2004
addons/web/static/src/css/base.sass,8ef044616a7f8fe06a6bf053fda9746a678a607d,2004
openerp/models.py,742846400423484a1a752ea13f7fb8bf84ed4712,2146
openerp/osv/fields.py,742846400423484a1a752ea13f7fb8bf84ed4712,2146
addons/web/static/src/js/views.js,a6269dceadd3e00a67e6c9be884636c03d478c59,2063
addons/report/models/report_paperformat.py,4b82cf666f4e75b08899728c429eedc75b206ba4,1768
addons/account/account_invoice.py,ecd8b5222bacbde1cc7ea231f93547a85053aa3e,1943
addons/account/account_invoice_view.xml,ecd8b5222bacbde1cc7ea231f93547a85053aa3e,1943
addons/account_analytic_default/account_analytic_default.py,ecd8b5222bacbde1cc7ea231f93547a85053aa3e,1943
addons/account_analytic_plans/account_analytic_plans.py,ecd8b5222bacbde1cc7ea231f93547a85053aa3e,1943
addons/account_anglo_saxon/invoice.py,ecd8b5222bacbde1cc7ea231f93547a85053aa3e,1943
addons/web/views/webclient_templates.xml,74aa7406bf1cd1794f9832ed36141482f7ff9353,2044
addons/sale/sale.py,59b76ee92701a28032822f6f3a45b7939255bb02,250
addons/stock/procurement.py,30a64c1d32b2043e45b9141679c9383f0dbb18b4,2178
addons/stock/stock.py,30a64c1d32b2043e45b9141679c9383f0dbb18b4,2178
openerp/addons/base/base.sql,9a3b48de0ff94c61fd1731439820999dc40a0506,2173
openerp/addons/base/base.sql,9a3b48de0ff94c61fd1731439820999dc40a0506,2095
addons/purchase/stock.py,c2b7bca4867d6ce74253dd87d4890bda510f53b3,1253
addons/sale_stock/sale_stock.py,c2b7bca4867d6ce74253dd87d4890bda510f53b3,1253
addons/stock_account/stock.py,c2b7bca4867d6ce74253dd87d4890bda510f53b3,1253
addons/stock_account/stock.py,a0670b5b99a6e5f3b85270c80e292375ced2c21b,1253
openerp/tools/config.py,b4b40a47c180256d792e1879233b65f6eaa97069,1343
openerp/addons/base/ir/ir_model.py,9c2f093611de0095f0cc7a322d4589f854dd4151,2113
addons/mail/mail_thread.py,0bee015dd67cb809fd235215b43d331074824e42,516
openerp/addons/base/ir/ir_qweb.py,53c88c7ee075a17dc566f04ef3b1ceaa6214b356,2058
addons/mass_mailing/views/snippets.xml,56c83fd0a322e25490d205a7c210c8e72fde46e0,2050
addons/website/static/src/css/snippets.css,56c83fd0a322e25490d205a7c210c8e72fde46e0,2050
addons/website/static/src/css/snippets.sass,56c83fd0a322e25490d205a7c210c8e72fde46e0,2050
addons/website/static/src/js/website.snippets.editor.js,56c83fd0a322e25490d205a7c210c8e72fde46e0,2050
addons/website/views/snippets.xml,56c83fd0a322e25490d205a7c210c8e72fde46e0,2050
addons/website/views/website_templates.xml,56c83fd0a322e25490d205a7c210c8e72fde46e0,2050
addons/website_event/views/website_event.xml,56c83fd0a322e25490d205a7c210c8e72fde46e0,2050
addons/website_event_track/controllers/event.py,56c83fd0a322e25490d205a7c210c8e72fde46e0,2050
addons/website_mail/views/snippets.xml,56c83fd0a322e25490d205a7c210c8e72fde46e0,2050
addons/website_mail_group/views/snippets.xml,56c83fd0a322e25490d205a7c210c8e72fde46e0,2050
addons/website_sale/static/src/js/website_sale.editor.js,56c83fd0a322e25490d205a7c210c8e72fde46e0,2050
addons/website_sale/views/snippets.xml,56c83fd0a322e25490d205a7c210c8e72fde46e0,2050
addons/website_twitter/views/twitter_snippet.xml,56c83fd0a322e25490d205a7c210c8e72fde46e0,2050
addons/stock/product.py,64f65ee8f68f2f87817a49dd2f5e206dad51add0,2008
addons/website_sale/controllers/main.py,231a478ca975eea50b7f72e5ca775b0a2eb8227b,688
addons/website_sale/views/templates.xml,231a478ca975eea50b7f72e5ca775b0a2eb8227b,688
addons/product/product_view.xml,c27bd90bfc5e2d7a885b9caa1d21f9043ea54421,1970
addons/web/static/src/js/view_form.js,c27bd90bfc5e2d7a885b9caa1d21f9043ea54421,1970
addons/mass_mailing/models/mass_mailing.py,b8ac2d1ed79f59fb7c60a4510231ae1bfddd23a5,1776
addons/mass_mailing/wizard/mail_compose_message.py,b8ac2d1ed79f59fb7c60a4510231ae1bfddd23a5,1776
openerp/models.py,53c13c91bfad2fd3748795422f08e7b84d9d74a5,1945
addons/point_of_sale/point_of_sale.py,73546f70ca16ff9bcb51d62273ac3ec6b810e6c4,1558
addons/point_of_sale/point_of_sale.py,73546f70ca16ff9bcb51d62273ac3ec6b810e6c4,1764
openerp/osv/fields.py,2c6ee8908094e062077e8a65329f1b022954ad59,1719
addons/product/product_view.xml,754cbf2d73b6af21ef14407efd688a9ba4db883b,1906
addons/stock/product_view.xml,754cbf2d73b6af21ef14407efd688a9ba4db883b,1906
addons/stock/res_config.py,754cbf2d73b6af21ef14407efd688a9ba4db883b,1906
addons/stock/stock.py,754cbf2d73b6af21ef14407efd688a9ba4db883b,1906
addons/stock/stock_view.xml,754cbf2d73b6af21ef14407efd688a9ba4db883b,1906
addons/stock_account/stock_account_view.xml,754cbf2d73b6af21ef14407efd688a9ba4db883b,1906
addons/web/static/src/js/tour.js,c48a7141e6a3756694e2dad1ab50677da8084917,1890
addons/website/models/website.py,c48a7141e6a3756694e2dad1ab50677da8084917,1890
addons/website/static/src/js/website.editor.js,c48a7141e6a3756694e2dad1ab50677da8084917,1890
addons/website/static/src/js/website.snippets.editor.js,c48a7141e6a3756694e2dad1ab50677da8084917,1890
addons/purchase/stock.py,d0a0b7d91de08612cb03bdead4d2789185884402,1032
addons/theme_bootswatch/views/theme.xml,154867daad504c563ab64e0e2e906064cf837b99,1781
addons/web/static/src/js/tour.js,154867daad504c563ab64e0e2e906064cf837b99,1781
addons/website/static/src/js/website.theme.js,154867daad504c563ab64e0e2e906064cf837b99,1781
addons/website/static/src/xml/website.theme.xml,154867daad504c563ab64e0e2e906064cf837b99,1781
addons/website/views/themes.xml,154867daad504c563ab64e0e2e906064cf837b99,1781
addons/account_anglo_saxon/invoice.py,9a763928e1503ab1a56cf73b972e72e6aafefb5c,1801
addons/account/account_move_line.py,052f9ed5d7505d6312dd3f1b0a364aa759beaa21,1456
addons/project_timesheet/project_timesheet.py,052f9ed5d7505d6312dd3f1b0a364aa759beaa21,1456
openerp/models.py,052f9ed5d7505d6312dd3f1b0a364aa759beaa21,1456
openerp/osv/fields.py,052f9ed5d7505d6312dd3f1b0a364aa759beaa21,1456
addons/account_voucher/account_voucher_view.xml,6164f52ca3d652ac6a8e2936a2c34570564544b3,1261
addons/mrp_operations/mrp_operations.py,356be5f077607b602438bf7750a5b18b06331153,1787
addons/web/controllers/main.py,54f67b2135f88f6493f308a4c1dadd83b1d7588f,1526
addons/web/controllers/main.py,1737ae3dd615d459c309ffd812d19871c771c401,1526
addons/stock/product.py,fa27d284947451b83f1807d6d6039ec0cea663c5,1658
addons/stock/test/opening_stock.yml,fa27d284947451b83f1807d6d6039ec0cea663c5,1658
addons/google_account/google_account.py,4f3db3ec04c9ce6f2f8b94ba31b9fee639cbb2c8,1588
addons/google_calendar/google_calendar.py,4f3db3ec04c9ce6f2f8b94ba31b9fee639cbb2c8,1588
openerp/addons/base/ir/ir_qweb.py,a094482ab98cbb02f043b0832f1383ac63cfb71e,1765
addons/account/account_invoice.py,b2f1c764cd8f89ac6eeaec21c1827df6c4e817b9,704
addons/account_anglo_saxon/invoice.py,b2f1c764cd8f89ac6eeaec21c1827df6c4e817b9,704
openerp/addons/base/ir/ir_qweb.py,bbbd1465e5c35ad5d4349a7f0a4509776fc862fb,1424
addons/point_of_sale/static/src/js/widgets.js,519a704cba2c36afca59f4bfe393d3346a97b87a,1731
addons/point_of_sale/point_of_sale.py,d91263d03ef0daddf5d49dc72f57431a9a3ef4db,1558
addons/website_sale_delivery/views/website_sale_delivery.xml,7d78bc1e140c1933d0e25fba00c33a8a1cb3e4c0,1720
addons/account/wizard/pos_box.py,5e20e7a3022994406a24d4e3e9128e9b8e5ad5f4,1416
addons/website_quote/static/src/js/website_quotation.js,3d62ed0aac8dbbce2a3ecd07e8e6ed9aa0e3f20c,1649
addons/website_quote/views/website_quotation.xml,3d62ed0aac8dbbce2a3ecd07e8e6ed9aa0e3f20c,1649
addons/account_analytic_plans/account_analytic_plans.py,e9e376a6de83abc18d21711b1f85572703be1e46,821
addons/account_voucher/account_voucher.py,02f0caf1b8adf3a56931dc4e5feb0f9abc32e0df,1490
openerp/addons/base/res/res_users.py,6a83425ba9b8eac5c948e6265f30d57ff42e3fbf,1167
openerp/models.py,54b901effdd2ebbf5fbde33cf0b23e52c135821b,1501
addons/account/account_invoice.py,2d54afef9e72a27e9c8e60a9cecb41f08a0cb693,1534
addons/account/account_invoice.py,973770f7cbc4c088428c78a50ebfb78339f2b208,1581
addons/account/account_invoice_workflow.xml,973770f7cbc4c088428c78a50ebfb78339f2b208,1581
addons/account/edi/invoice_action_data.xml,f09e11f55b663da8f8bab41c5fc784b8ab694b05,39
addons/portal_sale/portal_sale_data.xml,f09e11f55b663da8f8bab41c5fc784b8ab694b05,39
addons/purchase/edi/purchase_order_action_data.xml,f09e11f55b663da8f8bab41c5fc784b8ab694b05,39
addons/sale/edi/sale_order_action_data.xml,f09e11f55b663da8f8bab41c5fc784b8ab694b05,39
addons/mrp/i18n/ar.po,c4f5caa51164d06599a0b5d5edab69e42cb221b6,1328
addons/mrp/i18n/bg.po,c4f5caa51164d06599a0b5d5edab69e42cb221b6,1328
addons/mrp/i18n/bs.po,c4f5caa51164d06599a0b5d5edab69e42cb221b6,1328
addons/mrp/i18n/ca.po,c4f5caa51164d06599a0b5d5edab69e42cb221b6,1328
addons/mrp/i18n/cs.po,c4f5caa51164d06599a0b5d5edab69e42cb221b6,1328
addons/mrp/i18n/da.po,c4f5caa51164d06599a0b5d5edab69e42cb221b6,1328
addons/mrp/i18n/de.po,c4f5caa51164d06599a0b5d5edab69e42cb221b6,1328
addons/mrp/i18n/el.po,c4f5caa51164d06599a0b5d5edab69e42cb221b6,1328
addons/mrp/i18n/es.po,c4f5caa51164d06599a0b5d5edab69e42cb221b6,1328
addons/mrp/i18n/es_AR.po,c4f5caa51164d06599a0b5d5edab69e42cb221b6,1328
addons/mrp/i18n/es_BO.po,c4f5caa51164d06599a0b5d5edab69e42cb221b6,1328
addons/mrp/i18n/es_CL.po,c4f5caa51164d06599a0b5d5edab69e42cb221b6,1328
addons/mrp/i18n/es_CR.po,c4f5caa51164d06599a0b5d5edab69e42cb221b6,1328
addons/mrp/i18n/es_EC.po,c4f5caa51164d06599a0b5d5edab69e42cb221b6,1328
addons/mrp/i18n/es_MX.po,c4f5caa51164d06599a0b5d5edab69e42cb221b6,1328
addons/mrp/i18n/et.po,c4f5caa51164d06599a0b5d5edab69e42cb221b6,1328
addons/mrp/i18n/fi.po,c4f5caa51164d06599a0b5d5edab69e42cb221b6,1328
addons/mrp/i18n/fr.po,c4f5caa51164d06599a0b5d5edab69e42cb221b6,1328
addons/mrp/i18n/gl.po,c4f5caa51164d06599a0b5d5edab69e42cb221b6,1328
addons/mrp/i18n/hi.po,c4f5caa51164d06599a0b5d5edab69e42cb221b6,1328
addons/mrp/i18n/hr.po,c4f5caa51164d06599a0b5d5edab69e42cb221b6,1328
addons/mrp/i18n/hu.po,c4f5caa51164d06599a0b5d5edab69e42cb221b6,1328
addons/mrp/i18n/id.po,c4f5caa51164d06599a0b5d5edab69e42cb221b6,1328
addons/mrp/i18n/it.po,c4f5caa51164d06599a0b5d5edab69e42cb221b6,1328
addons/mrp/i18n/ja.po,c4f5caa51164d06599a0b5d5edab69e42cb221b6,1328
addons/mrp/i18n/ko.po,c4f5caa51164d06599a0b5d5edab69e42cb221b6,1328
addons/mrp/i18n/lt.po,c4f5caa51164d06599a0b5d5edab69e42cb221b6,1328
addons/mrp/i18n/lv.po,c4f5caa51164d06599a0b5d5edab69e42cb221b6,1328
addons/mrp/i18n/mk.po,c4f5caa51164d06599a0b5d5edab69e42cb221b6,1328
addons/mrp/i18n/mn.po,c4f5caa51164d06599a0b5d5edab69e42cb221b6,1328
addons/mrp/i18n/mrp.pot,c4f5caa51164d06599a0b5d5edab69e42cb221b6,1328
addons/mrp/i18n/nb.po,c4f5caa51164d06599a0b5d5edab69e42cb221b6,1328
addons/mrp/i18n/nl.po,c4f5caa51164d06599a0b5d5edab69e42cb221b6,1328
addons/mrp/i18n/nl_BE.po,c4f5caa51164d06599a0b5d5edab69e42cb221b6,1328
addons/mrp/i18n/pl.po,c4f5caa51164d06599a0b5d5edab69e42cb221b6,1328
addons/mrp/i18n/pt.po,c4f5caa51164d06599a0b5d5edab69e42cb221b6,1328
addons/mrp/i18n/pt_BR.po,c4f5caa51164d06599a0b5d5edab69e42cb221b6,1328
addons/mrp/i18n/ro.po,c4f5caa51164d06599a0b5d5edab69e42cb221b6,1328
addons/mrp/i18n/ru.po,c4f5caa51164d06599a0b5d5edab69e42cb221b6,1328
addons/mrp/i18n/sk.po,c4f5caa51164d06599a0b5d5edab69e42cb221b6,1328
addons/mrp/i18n/sl.po,c4f5caa51164d06599a0b5d5edab69e42cb221b6,1328
addons/mrp/i18n/sq.po,c4f5caa51164d06599a0b5d5edab69e42cb221b6,1328
addons/mrp/i18n/sr@latin.po,c4f5caa51164d06599a0b5d5edab69e42cb221b6,1328
addons/mrp/i18n/sv.po,c4f5caa51164d06599a0b5d5edab69e42cb221b6,1328
addons/mrp/i18n/th.po,c4f5caa51164d06599a0b5d5edab69e42cb221b6,1328
addons/mrp/i18n/tlh.po,c4f5caa51164d06599a0b5d5edab69e42cb221b6,1328
addons/mrp/i18n/tr.po,c4f5caa51164d06599a0b5d5edab69e42cb221b6,1328
addons/mrp/i18n/uk.po,c4f5caa51164d06599a0b5d5edab69e42cb221b6,1328
addons/mrp/i18n/vi.po,c4f5caa51164d06599a0b5d5edab69e42cb221b6,1328
addons/mrp/i18n/zh_CN.po,c4f5caa51164d06599a0b5d5edab69e42cb221b6,1328
addons/mrp/i18n/zh_HK.po,c4f5caa51164d06599a0b5d5edab69e42cb221b6,1328
addons/mrp/i18n/zh_TW.po,c4f5caa51164d06599a0b5d5edab69e42cb221b6,1328
addons/mrp/mrp_view.xml,c4f5caa51164d06599a0b5d5edab69e42cb221b6,1328
addons/mrp/static/description/index.html,c4f5caa51164d06599a0b5d5edab69e42cb221b6,1328
openerp/addons/base/tests/test_orm.py,a1d0394ff4c5301fd1cb4393a55fd9e1b7ac710d,1547
openerp/fields.py,a1d0394ff4c5301fd1cb4393a55fd9e1b7ac710d,1547
openerp/models.py,a1d0394ff4c5301fd1cb4393a55fd9e1b7ac710d,1547
addons/point_of_sale/point_of_sale.py,8d53c357badb0513d85bdc7fbf5b8581b541c81e,1428
addons/point_of_sale/point_of_sale_view.xml,8d53c357badb0513d85bdc7fbf5b8581b541c81e,1428
addons/point_of_sale/res_partner.py,8d53c357badb0513d85bdc7fbf5b8581b541c81e,1428
addons/point_of_sale/res_partner_view.xml,8d53c357badb0513d85bdc7fbf5b8581b541c81e,1428
addons/point_of_sale/res_users.py,8d53c357badb0513d85bdc7fbf5b8581b541c81e,1428
addons/point_of_sale/res_users_view.xml,8d53c357badb0513d85bdc7fbf5b8581b541c81e,1428
addons/product/product.py,8d53c357badb0513d85bdc7fbf5b8581b541c81e,1428
addons/website/static/src/css/website.css,8d53c357badb0513d85bdc7fbf5b8581b541c81e,1428
addons/website/static/src/css/website.sass,8d53c357badb0513d85bdc7fbf5b8581b541c81e,1428
addons/website_sale/controllers/main.py,8d53c357badb0513d85bdc7fbf5b8581b541c81e,1428
addons/website_sale/static/src/js/website_sale.js,8d53c357badb0513d85bdc7fbf5b8581b541c81e,1428
addons/website_sale/views/templates.xml,8d53c357badb0513d85bdc7fbf5b8581b541c81e,1428
addons/gamification/models/challenge.py,fca77ad8c5a084d2773c8c6ad6e6b9253fdfa7eb,1536
addons/gamification/views/goal.xml,fca77ad8c5a084d2773c8c6ad6e6b9253fdfa7eb,1536
openerp/osv/orm.py,9411a2da03ebfe9d1aeacc43c8bd789a64f647e9,1485
openerp/cli/server.py,b8a0e65ed52b715eb4376c187b91165da3f3b0e4,1307
openerp/fields.py,35d50f0390f20180dbfd94ddeed1bf269a12fba0,1284
openerp/models.py,fa38c0f6a61982e31d271e0877b784c25448e31a,1017
openerp/addons/base/ir/ir_qweb.py,b64bd885b00bc6ef9956af330888a77fccda7fbb,1085
openerp/addons/base/ir/ir_qweb.py,b64bd885b00bc6ef9956af330888a77fccda7fbb,1130
addons/stock/stock.py,dd4d72d710ab9ffcc3143130a6b5feecf8ce7a5d,1372
addons/stock/wizard/stock_partial_picking.py,dd4d72d710ab9ffcc3143130a6b5feecf8ce7a5d,1372
openerp/tools/translate.py,c544a906b8482fe0dcf2521b4f3a42de6db5f6c7,1391
addons/account/account_move_line.py,3fe508f200963122f1ee61072516c84b2022aa48,1090
openerp/cli/__init__.py,24bff2e8b7aff1b7fab52ede05a38b11e984d87d,1387
addons/web/static/src/js/chrome.js,eb08c12b090dc03f039f3a73020a97a1cead3b37,1341
addons/website/static/src/css/snippets.css,79a3711168ae50eaaea389c0d9a170f5516720ed,1340
addons/website/static/src/css/snippets.sass,79a3711168ae50eaaea389c0d9a170f5516720ed,1340
addons/website/static/src/css/snippets.css,d0f259ee02ad51f95921388b4e9f20d659dbfc9e,1338
addons/website/static/src/css/snippets.sass,d0f259ee02ad51f95921388b4e9f20d659dbfc9e,1338
addons/web/static/src/js/tour.js,fe763980f2569ae0cf44398f6fe999e37ba97fd4,1336
addons/account/product_view.xml,7d15bcbc2441c1b6d97a245db76baa2d62e14ec0,1337
addons/account/account_invoice.py,299246e2aec867cc90f56caaefad6c99d8f2f31f,1052
addons/project/project_view.xml,8320f01fefa498d1c9f50d111a37b506e238ccdc,938
addons/product/product.py,2182797d9319b54eb1fe82bdb1565528d270645e,1262
addons/website_hr_recruitment/controllers/main.py,1b546a3cd5241ea854e5fe82ab29aa0f1a5fad85,1148
addons/account/account_bank_statement.py,954ab3eefb675297fc1c6eb202cd6a17cb403a95,1268
addons/account/static/src/js/account_widgets.js,954ab3eefb675297fc1c6eb202cd6a17cb403a95,1268
addons/point_of_sale/point_of_sale.py,954ab3eefb675297fc1c6eb202cd6a17cb403a95,1268
addons/account/account_bank_statement.py,5ae60d8a2d432cf3280487743b9f413f6ef27e08,932
addons/account/static/src/js/account_widgets.js,5ae60d8a2d432cf3280487743b9f413f6ef27e08,932
addons/point_of_sale/point_of_sale.py,5ae60d8a2d432cf3280487743b9f413f6ef27e08,932
addons/website_forum/controllers/main.py,a5efa93b93d9f31c787336905f4e4f4c11b68190,1171
addons/web/controllers/main.py,7286f4e42448bd1487ef329c7ff6c8a212f6a3bd,773
addons/website_sale/controllers/main.py,decd2c7845aaae581a8a01132af004798197de51,1206
addons/calendar/calendar.py,16d67445da2640484896a0b831f07e4571b01758,1076
addons/product/security/ir.model.access.csv,16d67445da2640484896a0b831f07e4571b01758,1076
openerp/addons/test_access_rights/__init__.py,16d67445da2640484896a0b831f07e4571b01758,1076
openerp/addons/test_access_rights/__openerp__.py,16d67445da2640484896a0b831f07e4571b01758,1076
openerp/addons/test_access_rights/ir.model.access.csv,16d67445da2640484896a0b831f07e4571b01758,1076
openerp/addons/test_access_rights/models.py,16d67445da2640484896a0b831f07e4571b01758,1076
openerp/addons/test_access_rights/tests/__init__.py,16d67445da2640484896a0b831f07e4571b01758,1076
openerp/addons/test_access_rights/tests/test_ir_rules.py,16d67445da2640484896a0b831f07e4571b01758,1076
openerp/models.py,16d67445da2640484896a0b831f07e4571b01758,1076
openerp/service/report.py,f98c610310de734c1c4cbecf5deabfdd70c34a1c,1149
openerp/tools/yaml_import.py,f98c610310de734c1c4cbecf5deabfdd70c34a1c,1149
openerp/modules/loading.py,92be431236bd93054c5134cb0d4daf8124918e39,1137
openerp/service/db.py,92be431236bd93054c5134cb0d4daf8124918e39,1137
addons/website_hr_recruitment/controllers/main.py,03977a29e681b4c841cc1e5c65cd7ed478d672dc,1148
addons/web/static/src/js/view_form.js,736c5dd87ec9e60c3c83293e88123d569c5b4a27,1097
openerp/addons/base/ir/ir_qweb.py,7a2961da760ea2a713dbd05741e7b46c3f133dbb,1130
addons/web/static/src/js/tour.js,9b8e307eb10b4d0774599d56392ffbddd642dfbe,1143
addons/website/static/src/js/website.snippets.editor.js,9b8e307eb10b4d0774599d56392ffbddd642dfbe,1143
addons/website_sale/models/sale_order.py,9b8e307eb10b4d0774599d56392ffbddd642dfbe,1143
addons/account/account_invoice.py,bcfa4c8e7ca4f8fb3b577e32eca9f3c0e8f99190,402
addons/account/account_view.xml,67133320b5ed8a6d52489827e80801986641cd12,1117
addons/account/account.py,5df99ce62227ca41bf3ac568404a9623661e0cc4,759
addons/account/account_bank_statement.py,9ef5a679876dd2ed76c3294ce45ecf16a5649bc1,1107
addons/account/account_move_line.py,9ef5a679876dd2ed76c3294ce45ecf16a5649bc1,1107
addons/account/account_view.xml,9ef5a679876dd2ed76c3294ce45ecf16a5649bc1,1107
addons/account/static/src/js/account_widgets.js,9ef5a679876dd2ed76c3294ce45ecf16a5649bc1,1107
addons/account/account_invoice.py,34706433e7483a2e2b80e4285be06102c9268ed0,374
addons/l10n_lu/account.account.template-2011.csv,50b48e0d1320ebb3d7e792c58bda081a6d4c013c,733
addons/l10n_lu/account.account.template-2011.csv,be82c99b230d142898d98b1fbc92d0abb43b0d12,735
addons/l10n_lu/account.tax.template-2011.csv,be82c99b230d142898d98b1fbc92d0abb43b0d12,735
openerp/models.py,785018cc9c6429eb79b09ae84c9c28c9da24f85a,1013
addons/web/static/lib/bootstrap/css/bootstrap-theme.css,cab80a0252f47d18fe5fe34421313a98394a0b0b,1074
addons/web/static/lib/bootstrap/css/bootstrap-theme.css.map,cab80a0252f47d18fe5fe34421313a98394a0b0b,1074
addons/web/static/lib/bootstrap/css/bootstrap-theme.min.css,cab80a0252f47d18fe5fe34421313a98394a0b0b,1074
addons/web/static/lib/bootstrap/css/bootstrap.css,cab80a0252f47d18fe5fe34421313a98394a0b0b,1074
addons/web/static/lib/bootstrap/css/bootstrap.css.map,cab80a0252f47d18fe5fe34421313a98394a0b0b,1074
addons/web/static/lib/bootstrap/css/bootstrap.min.css,cab80a0252f47d18fe5fe34421313a98394a0b0b,1074
addons/web/static/lib/bootstrap/fonts/bootstrap/glyphicons-halflings-regular.eot,cab80a0252f47d18fe5fe34421313a98394a0b0b,1074
addons/web/static/lib/bootstrap/fonts/bootstrap/glyphicons-halflings-regular.svg,cab80a0252f47d18fe5fe34421313a98394a0b0b,1074
addons/web/static/lib/bootstrap/fonts/bootstrap/glyphicons-halflings-regular.ttf,cab80a0252f47d18fe5fe34421313a98394a0b0b,1074
addons/web/static/lib/bootstrap/fonts/bootstrap/glyphicons-halflings-regular.woff,cab80a0252f47d18fe5fe34421313a98394a0b0b,1074
addons/web/static/lib/bootstrap/fonts/glyphicons-halflings-regular.eot,cab80a0252f47d18fe5fe34421313a98394a0b0b,1074
addons/web/static/lib/bootstrap/fonts/glyphicons-halflings-regular.svg,cab80a0252f47d18fe5fe34421313a98394a0b0b,1074
addons/web/static/lib/bootstrap/fonts/glyphicons-halflings-regular.ttf,cab80a0252f47d18fe5fe34421313a98394a0b0b,1074
addons/web/static/lib/bootstrap/fonts/glyphicons-halflings-regular.woff,cab80a0252f47d18fe5fe34421313a98394a0b0b,1074
addons/web/static/lib/bootstrap/javascripts/bootstrap.js,cab80a0252f47d18fe5fe34421313a98394a0b0b,1074
addons/web/static/lib/bootstrap/javascripts/bootstrap/affix.js,cab80a0252f47d18fe5fe34421313a98394a0b0b,1074
addons/web/static/lib/bootstrap/javascripts/bootstrap/alert.js,cab80a0252f47d18fe5fe34421313a98394a0b0b,1074
addons/web/static/lib/bootstrap/javascripts/bootstrap/button.js,cab80a0252f47d18fe5fe34421313a98394a0b0b,1074
addons/web/static/lib/bootstrap/javascripts/bootstrap/carousel.js,cab80a0252f47d18fe5fe34421313a98394a0b0b,1074
addons/web/static/lib/bootstrap/javascripts/bootstrap/collapse.js,cab80a0252f47d18fe5fe34421313a98394a0b0b,1074
addons/web/static/lib/bootstrap/javascripts/bootstrap/dropdown.js,cab80a0252f47d18fe5fe34421313a98394a0b0b,1074
addons/web/static/lib/bootstrap/javascripts/bootstrap/modal.js,cab80a0252f47d18fe5fe34421313a98394a0b0b,1074
addons/web/static/lib/bootstrap/javascripts/bootstrap/popover.js,cab80a0252f47d18fe5fe34421313a98394a0b0b,1074
addons/web/static/lib/bootstrap/javascripts/bootstrap/scrollspy.js,cab80a0252f47d18fe5fe34421313a98394a0b0b,1074
addons/web/static/lib/bootstrap/javascripts/bootstrap/tab.js,cab80a0252f47d18fe5fe34421313a98394a0b0b,1074
addons/web/static/lib/bootstrap/javascripts/bootstrap/tooltip.js,cab80a0252f47d18fe5fe34421313a98394a0b0b,1074
addons/web/static/lib/bootstrap/javascripts/bootstrap/transition.js,cab80a0252f47d18fe5fe34421313a98394a0b0b,1074
addons/web/static/lib/bootstrap/js/bootstrap.js,cab80a0252f47d18fe5fe34421313a98394a0b0b,1074
addons/web/static/lib/bootstrap/js/bootstrap.min.js,cab80a0252f47d18fe5fe34421313a98394a0b0b,1074
addons/web/static/lib/bootstrap/less/alerts.less,cab80a0252f47d18fe5fe34421313a98394a0b0b,1074
addons/web/static/lib/bootstrap/less/badges.less,cab80a0252f47d18fe5fe34421313a98394a0b0b,1074
addons/web/static/lib/bootstrap/less/bootstrap.less,cab80a0252f47d18fe5fe34421313a98394a0b0b,1074
addons/web/static/lib/bootstrap/less/breadcrumbs.less,cab80a0252f47d18fe5fe34421313a98394a0b0b,1074
addons/web/static/lib/bootstrap/less/button-groups.less,cab80a0252f47d18fe5fe34421313a98394a0b0b,1074
addons/web/static/lib/bootstrap/less/buttons.less,cab80a0252f47d18fe5fe34421313a98394a0b0b,1074
addons/web/static/lib/bootstrap/less/carousel.less,cab80a0252f47d18fe5fe34421313a98394a0b0b,1074
addons/web/static/lib/bootstrap/less/close.less,cab80a0252f47d18fe5fe34421313a98394a0b0b,1074
addons/web/static/lib/bootstrap/less/code.less,cab80a0252f47d18fe5fe34421313a98394a0b0b,1074
addons/web/static/lib/bootstrap/less/component-animations.less,cab80a0252f47d18fe5fe34421313a98394a0b0b,1074
addons/web/static/lib/bootstrap/less/dropdowns.less,cab80a0252f47d18fe5fe34421313a98394a0b0b,1074
addons/web/static/lib/bootstrap/less/forms.less,cab80a0252f47d18fe5fe34421313a98394a0b0b,1074
addons/web/static/lib/bootstrap/less/glyphicons.less,cab80a0252f47d18fe5fe34421313a98394a0b0b,1074
addons/web/static/lib/bootstrap/less/grid.less,cab80a0252f47d18fe5fe34421313a98394a0b0b,1074
addons/web/static/lib/bootstrap/less/input-groups.less,cab80a0252f47d18fe5fe34421313a98394a0b0b,1074
addons/web/static/lib/bootstrap/less/jumbotron.less,cab80a0252f47d18fe5fe34421313a98394a0b0b,1074
addons/web/static/lib/bootstrap/less/labels.less,cab80a0252f47d18fe5fe34421313a98394a0b0b,1074
addons/web/static/lib/bootstrap/less/list-group.less,cab80a0252f47d18fe5fe34421313a98394a0b0b,1074
addons/web/static/lib/bootstrap/less/media.less,cab80a0252f47d18fe5fe34421313a98394a0b0b,1074
addons/web/static/lib/bootstrap/less/mixins.less,cab80a0252f47d18fe5fe34421313a98394a0b0b,1074
addons/web/static/lib/bootstrap/less/mixins/alerts.less,cab80a0252f47d18fe5fe34421313a98394a0b0b,1074
addons/web/static/lib/bootstrap/less/mixins/background-variant.less,cab80a0252f47d18fe5fe34421313a98394a0b0b,1074
addons/web/static/lib/bootstrap/less/mixins/border-radius.less,cab80a0252f47d18fe5fe34421313a98394a0b0b,1074
addons/web/static/lib/bootstrap/less/mixins/buttons.less,cab80a0252f47d18fe5fe34421313a98394a0b0b,1074
addons/web/static/lib/bootstrap/less/mixins/center-block.less,cab80a0252f47d18fe5fe34421313a98394a0b0b,1074
addons/web/static/lib/bootstrap/less/mixins/clearfix.less,cab80a0252f47d18fe5fe34421313a98394a0b0b,1074
addons/web/static/lib/bootstrap/less/mixins/forms.less,cab80a0252f47d18fe5fe34421313a98394a0b0b,1074
addons/web/static/lib/bootstrap/less/mixins/gradients.less,cab80a0252f47d18fe5fe34421313a98394a0b0b,1074
addons/web/static/lib/bootstrap/less/mixins/grid-framework.less,cab80a0252f47d18fe5fe34421313a98394a0b0b,1074
addons/web/static/lib/bootstrap/less/mixins/grid.less,cab80a0252f47d18fe5fe34421313a98394a0b0b,1074
addons/web/static/lib/bootstrap/less/mixins/hide-text.less,cab80a0252f47d18fe5fe34421313a98394a0b0b,1074
addons/web/static/lib/bootstrap/less/mixins/image.less,cab80a0252f47d18fe5fe34421313a98394a0b0b,1074
addons/web/static/lib/bootstrap/less/mixins/labels.less,cab80a0252f47d18fe5fe34421313a98394a0b0b,1074
addons/web/static/lib/bootstrap/less/mixins/list-group.less,cab80a0252f47d18fe5fe34421313a98394a0b0b,1074
addons/web/static/lib/bootstrap/less/mixins/nav-divider.less,cab80a0252f47d18fe5fe34421313a98394a0b0b,1074
addons/web/static/lib/bootstrap/less/mixins/nav-vertical-align.less,cab80a0252f47d18fe5fe34421313a98394a0b0b,1074
addons/web/static/lib/bootstrap/less/mixins/opacity.less,cab80a0252f47d18fe5fe34421313a98394a0b0b,1074
addons/web/static/lib/bootstrap/less/mixins/pagination.less,cab80a0252f47d18fe5fe34421313a98394a0b0b,1074
addons/web/static/lib/bootstrap/less/mixins/panels.less,cab80a0252f47d18fe5fe34421313a98394a0b0b,1074
addons/web/static/lib/bootstrap/less/mixins/progress-bar.less,cab80a0252f47d18fe5fe34421313a98394a0b0b,1074
addons/web/static/lib/bootstrap/less/mixins/reset-filter.less,cab80a0252f47d18fe5fe34421313a98394a0b0b,1074
addons/web/static/lib/bootstrap/less/mixins/resize.less,cab80a0252f47d18fe5fe34421313a98394a0b0b,1074
addons/web/static/lib/bootstrap/less/mixins/responsive-visibility.less,cab80a0252f47d18fe5fe34421313a98394a0b0b,1074
addons/web/static/lib/bootstrap/less/mixins/size.less,cab80a0252f47d18fe5fe34421313a98394a0b0b,1074
addons/web/static/lib/bootstrap/less/mixins/tab-focus.less,cab80a0252f47d18fe5fe34421313a98394a0b0b,1074
addons/web/static/lib/bootstrap/less/mixins/table-row.less,cab80a0252f47d18fe5fe34421313a98394a0b0b,1074
addons/web/static/lib/bootstrap/less/mixins/text-emphasis.less,cab80a0252f47d18fe5fe34421313a98394a0b0b,1074
addons/web/static/lib/bootstrap/less/mixins/text-overflow.less,cab80a0252f47d18fe5fe34421313a98394a0b0b,1074
addons/web/static/lib/bootstrap/less/mixins/vendor-prefixes.less,cab80a0252f47d18fe5fe34421313a98394a0b0b,1074
addons/web/static/lib/bootstrap/less/modals.less,cab80a0252f47d18fe5fe34421313a98394a0b0b,1074
addons/web/static/lib/bootstrap/less/navbar.less,cab80a0252f47d18fe5fe34421313a98394a0b0b,1074
addons/web/static/lib/bootstrap/less/navs.less,cab80a0252f47d18fe5fe34421313a98394a0b0b,1074
addons/web/static/lib/bootstrap/less/normalize.less,cab80a0252f47d18fe5fe34421313a98394a0b0b,1074
addons/web/static/lib/bootstrap/less/pager.less,cab80a0252f47d18fe5fe34421313a98394a0b0b,1074
addons/web/static/lib/bootstrap/less/pagination.less,cab80a0252f47d18fe5fe34421313a98394a0b0b,1074
addons/web/static/lib/bootstrap/less/panels.less,cab80a0252f47d18fe5fe34421313a98394a0b0b,1074
addons/web/static/lib/bootstrap/less/popovers.less,cab80a0252f47d18fe5fe34421313a98394a0b0b,1074
addons/web/static/lib/bootstrap/less/print.less,cab80a0252f47d18fe5fe34421313a98394a0b0b,1074
addons/web/static/lib/bootstrap/less/progress-bars.less,cab80a0252f47d18fe5fe34421313a98394a0b0b,1074
addons/web/static/lib/bootstrap/less/responsive-embed.less,cab80a0252f47d18fe5fe34421313a98394a0b0b,1074
addons/web/static/lib/bootstrap/less/responsive-utilities.less,cab80a0252f47d18fe5fe34421313a98394a0b0b,1074
addons/web/static/lib/bootstrap/less/scaffolding.less,cab80a0252f47d18fe5fe34421313a98394a0b0b,1074
addons/web/static/lib/bootstrap/less/tables.less,cab80a0252f47d18fe5fe34421313a98394a0b0b,1074
addons/web/static/lib/bootstrap/less/theme.less,cab80a0252f47d18fe5fe34421313a98394a0b0b,1074
addons/web/static/lib/bootstrap/less/thumbnails.less,cab80a0252f47d18fe5fe34421313a98394a0b0b,1074
addons/web/static/lib/bootstrap/less/tooltip.less,cab80a0252f47d18fe5fe34421313a98394a0b0b,1074
addons/web/static/lib/bootstrap/less/type.less,cab80a0252f47d18fe5fe34421313a98394a0b0b,1074
addons/web/static/lib/bootstrap/less/utilities.less,cab80a0252f47d18fe5fe34421313a98394a0b0b,1074
addons/web/static/lib/bootstrap/less/variables.less,cab80a0252f47d18fe5fe34421313a98394a0b0b,1074
addons/web/static/lib/bootstrap/less/wells.less,cab80a0252f47d18fe5fe34421313a98394a0b0b,1074
addons/web/static/lib/bootstrap/stylesheets/bootstrap.scss,cab80a0252f47d18fe5fe34421313a98394a0b0b,1074
addons/web/static/lib/bootstrap/stylesheets/bootstrap/_badges.scss,cab80a0252f47d18fe5fe34421313a98394a0b0b,1074
addons/web/static/lib/bootstrap/stylesheets/bootstrap/_breadcrumbs.scss,cab80a0252f47d18fe5fe34421313a98394a0b0b,1074
addons/web/static/lib/bootstrap/stylesheets/bootstrap/_close.scss,cab80a0252f47d18fe5fe34421313a98394a0b0b,1074
addons/web/static/lib/bootstrap/stylesheets/bootstrap/_grid.scss,cab80a0252f47d18fe5fe34421313a98394a0b0b,1074
addons/web/static/lib/bootstrap/stylesheets/bootstrap/_jumbotron.scss,cab80a0252f47d18fe5fe34421313a98394a0b0b,1074
addons/web/static/lib/bootstrap/stylesheets/bootstrap/_mixins.scss,cab80a0252f47d18fe5fe34421313a98394a0b0b,1074
addons/web/static/lib/bootstrap/stylesheets/bootstrap/_pagination.scss,cab80a0252f47d18fe5fe34421313a98394a0b0b,1074
addons/web/static/lib/bootstrap/stylesheets/bootstrap/_popovers.scss,cab80a0252f47d18fe5fe34421313a98394a0b0b,1074
addons/web/static/lib/bootstrap/stylesheets/bootstrap/_progress-bars.scss,cab80a0252f47d18fe5fe34421313a98394a0b0b,1074
addons/web/static/lib/bootstrap/stylesheets/bootstrap/_responsive-utilities.scss,cab80a0252f47d18fe5fe34421313a98394a0b0b,1074
addons/web/static/lib/bootstrap/stylesheets/bootstrap/_theme.scss,cab80a0252f47d18fe5fe34421313a98394a0b0b,1074
addons/web/static/lib/bootstrap/stylesheets/bootstrap/_thumbnails.scss,cab80a0252f47d18fe5fe34421313a98394a0b0b,1074
addons/web/static/lib/bootstrap/stylesheets/bootstrap/_tooltip.scss,cab80a0252f47d18fe5fe34421313a98394a0b0b,1074
addons/web/static/lib/bootstrap/stylesheets/bootstrap/_variables.scss,cab80a0252f47d18fe5fe34421313a98394a0b0b,1074
addons/web/static/lib/bootstrap/stylesheets/bootstrap/bootstrap.scss,cab80a0252f47d18fe5fe34421313a98394a0b0b,1074
addons/website/models/website.py,cab80a0252f47d18fe5fe34421313a98394a0b0b,1074
addons/website/static/src/css/editor.css,cab80a0252f47d18fe5fe34421313a98394a0b0b,1074
addons/website/static/src/css/editor.sass,cab80a0252f47d18fe5fe34421313a98394a0b0b,1074
addons/website/static/src/css/snippets.css,cab80a0252f47d18fe5fe34421313a98394a0b0b,1074
addons/website/static/src/css/snippets.sass,cab80a0252f47d18fe5fe34421313a98394a0b0b,1074
addons/website/static/src/js/website.editor.js,cab80a0252f47d18fe5fe34421313a98394a0b0b,1074
addons/website/static/src/js/website.seo.js,cab80a0252f47d18fe5fe34421313a98394a0b0b,1074
addons/website/static/src/xml/website.editor.xml,cab80a0252f47d18fe5fe34421313a98394a0b0b,1074
addons/website/views/snippets.xml,cab80a0252f47d18fe5fe34421313a98394a0b0b,1074
addons/web/static/src/js/view_form.js,239144d519683a6d84768c113fe7c6714ba74187,1024
addons/mail/mail_group.py,67f1fd8a536bbe3b23b6d1f38bbae57685521e1a,724
addons/mail/mail_thread.py,67f1fd8a536bbe3b23b6d1f38bbae57685521e1a,724
openerp/tools/mail.py,67f1fd8a536bbe3b23b6d1f38bbae57685521e1a,724
addons/stock/security/ir.model.access.csv,6e96ffd44c4f10e2ac926b42e6fba8d1902bfe24,1073
addons/website_forum/models/forum.py,e4cb5619fee37bd848c9bc97d2841af0008c79af,1067
addons/mail/mail_alias.py,f6bf77c2b5d20c9511b942f6c04ad7a803a05fa5,800
openerp/addons/base/ir/ir_qweb.py,a3f9118c2a9c8a5ce3ff394fb6d345d6a9aea57d,1072
openerp/addons/base/ir/ir_qweb.py,a3f9118c2a9c8a5ce3ff394fb6d345d6a9aea57d,1065
openerp/addons/base/ir/ir_qweb.py,0050a3f797ac776a0b893f6a4a8e7c0cf595c209,1065
addons/website/views/website_templates.xml,caa534e503b733bb4779a51ae5e12ccce095be2e,1039
addons/website_sale/static/src/css/website_sale.css,be93fd9540a81268beb805fd59edf231c7beee56,1001
addons/website_sale/static/src/css/website_sale.sass,be93fd9540a81268beb805fd59edf231c7beee56,1001
addons/website_sale/static/src/js/website_sale.js,be93fd9540a81268beb805fd59edf231c7beee56,1001
addons/website_sale/views/templates.xml,be93fd9540a81268beb805fd59edf231c7beee56,1001
openerp/models.py,c4d6389aed49e6a3d2a397e181b201dd5fa4c011,1037
addons/web/static/src/js/tour.js,f5de19a7002423045d72a4a091191d5e1f22c4b0,1036
addons/hr_recruitment/hr_recruitment.py,ad262cad04b38a1fccc97a9346a038bfbd34d077,1034
addons/crm/static/description/crm_sc_05.png,df2282a54854fd28ec0948bf7a995a7cb95fd09c,999
addons/product/product.py,df2282a54854fd28ec0948bf7a995a7cb95fd09c,999
addons/product/product_view.xml,df2282a54854fd28ec0948bf7a995a7cb95fd09c,999
addons/stock/wizard/make_procurement_product.py,df2282a54854fd28ec0948bf7a995a7cb95fd09c,999
addons/stock/wizard/stock_change_product_qty.py,df2282a54854fd28ec0948bf7a995a7cb95fd09c,999
addons/web_diagram/static/src/js/diagram.js,df2282a54854fd28ec0948bf7a995a7cb95fd09c,999
addons/web_kanban_gauge/static/lib/justgage/justgage.js,df2282a54854fd28ec0948bf7a995a7cb95fd09c,999
addons/website_sale/views/views.xml,df2282a54854fd28ec0948bf7a995a7cb95fd09c,999
addons/website/controllers/main.py,407bb5d23e00639444cd961ce967109cfca6f1e4,1021
addons/website_crm/controllers/main.py,407bb5d23e00639444cd961ce967109cfca6f1e4,1021
addons/hr_recruitment/hr_recruitment.py,fa94b39c99c38e8cff03050416f9b81333c2a322,1028
openerp/models.py,ba5f0e7ce572e9d3c2b5bff2e5e54ff4d2ed32f6,1018
openerp/models.py,ba5f0e7ce572e9d3c2b5bff2e5e54ff4d2ed32f6,1002
openerp/models.py,ca1be04d7a6151760b7134555c982ded3fde6bf1,1002
addons/fetchmail/fetchmail.py,37b82523e83851792cbc0dc9f7eb4c0a7983d4da,980
addons/fetchmail/fetchmail.py,37b82523e83851792cbc0dc9f7eb4c0a7983d4da,1003
addons/account/report/account_invoice_report.py,9ccdbcaca3347e641710d09b4fd4f17c780d9920,989
addons/account_analytic_analysis/account_analytic_analysis.py,9ccdbcaca3347e641710d09b4fd4f17c780d9920,989
addons/account_followup/wizard/account_followup_print.py,9ccdbcaca3347e641710d09b4fd4f17c780d9920,989
addons/hr_evaluation/report/hr_evaluation_report.py,9ccdbcaca3347e641710d09b4fd4f17c780d9920,989
addons/hr_timesheet_sheet/hr_timesheet_sheet.py,9ccdbcaca3347e641710d09b4fd4f17c780d9920,989
addons/sale/report/invoice_report.py,9ccdbcaca3347e641710d09b4fd4f17c780d9920,989
openerp/fields.py,9ccdbcaca3347e641710d09b4fd4f17c780d9920,989
openerp/models.py,9ccdbcaca3347e641710d09b4fd4f17c780d9920,989
addons/product/product_report.xml,95cc7054ec9a5d9f5141f27107d5a68597028ae8,993
openerp/fields.py,2859d24c5e60aa164f440dd9b6f70363c6d304d4,996
openerp/fields.py,2859d24c5e60aa164f440dd9b6f70363c6d304d4,990
openerp/fields.py,3fdc232352fa348c1a39597cfbcea577afc4e282,990
openerp/models.py,e9fae40faf742a0d2f89b0e01d7feb559aa142f7,976
openerp/api.py,48c16e4b2616f30fffb5d9a07898207af5b6bc16,969
openerp/models.py,48c16e4b2616f30fffb5d9a07898207af5b6bc16,969
openerp/http.py,e5b093374361bfe0d45cd3e282c69d3133e046ac,308
openerp/modules/module.py,e5b093374361bfe0d45cd3e282c69d3133e046ac,308
openerp/tools/config.py,e5b093374361bfe0d45cd3e282c69d3133e046ac,308
openerp/http.py,e5b093374361bfe0d45cd3e282c69d3133e046ac,904
openerp/modules/module.py,e5b093374361bfe0d45cd3e282c69d3133e046ac,904
openerp/tools/config.py,e5b093374361bfe0d45cd3e282c69d3133e046ac,904
addons/account/partner.py,47dd44be4305efe08f2f287e8228c5f892fad4c8,971
addons/hr_attendance/static/src/css/attendance.css,93a6880c19e9bd3381c7535feaf8ffebc90d74a2,972
addons/im_chat/static/src/css/im_chat.css,93a6880c19e9bd3381c7535feaf8ffebc90d74a2,972
addons/web/static/src/css/base.css,93a6880c19e9bd3381c7535feaf8ffebc90d74a2,972
addons/web/static/src/css/base.sass,93a6880c19e9bd3381c7535feaf8ffebc90d74a2,972
openerp/addons/base/i18n/hu.po,ccc211fa51ef6cc136e651cfc2f1e649375382d7,956
openerp/api.py,ac282e029420ec5ad44cc6c3b99784d24faa043b,966
openerp/models.py,ac282e029420ec5ad44cc6c3b99784d24faa043b,966
addons/web_kanban_gauge/static/src/js/kanban_gauge.js,cd7e9a98d4282a43ca752bf85bd9bf6e99cfb6b6,967
openerp/models.py,cd7e9a98d4282a43ca752bf85bd9bf6e99cfb6b6,967
addons/sale/i18n/pt.po,831b85778c8ac7fc08ba2525689515009c59b8bb,883
addons/portal/security/ir.model.access.csv,7f9d1f42bf3ad7a734ed5f317bbb4a8a9df639c5,893
addons/web_kanban_gauge/static/src/js/kanban_gauge.js,74de2461a1ebf41daf9025b2f8b9ecbbbe1f184a,926
addons/mass_mailing/mass_mailing.py,d32fc5c597072d7cbea03c4bbc0b3ce5605867b6,472
addons/purchase/purchase_view.xml,f20c7a3055e0810c596afaf163ecde1af3b1c1f9,911
addons/account/account_bank_statement.py,fd38163a38b10ba2c393767fdf6213178822e12c,840
debian/control,fd7d1ab661dfc31190d063da0f34cb5f25c5d20b,884
addons/web/static/src/js/tour.js,2ba44c51bd12b8a05360dd0cc861cca812f66847,855
addons/website/static/src/js/website.contentMenu.js,2ba44c51bd12b8a05360dd0cc861cca812f66847,855
addons/website/static/src/js/website.editor.js,2ba44c51bd12b8a05360dd0cc861cca812f66847,855
addons/website_blog/tests/__init__.py,2ba44c51bd12b8a05360dd0cc861cca812f66847,855
addons/website_blog/tests/test_ui.py,2ba44c51bd12b8a05360dd0cc861cca812f66847,855
addons/website_event/tests/__init__.py,2ba44c51bd12b8a05360dd0cc861cca812f66847,855
addons/website_event/tests/test_ui.py,2ba44c51bd12b8a05360dd0cc861cca812f66847,855
addons/website_event_sale/tests/test_ui.py,2ba44c51bd12b8a05360dd0cc861cca812f66847,855
addons/website_sale/static/src/js/website_sale.js,2ba44c51bd12b8a05360dd0cc861cca812f66847,855
addons/website_sale/tests/test_sale_process.py,2ba44c51bd12b8a05360dd0cc861cca812f66847,855
addons/website_sale_options/static/src/js/website_sale.test.js,2ba44c51bd12b8a05360dd0cc861cca812f66847,855
addons/website_sale_options/tests/__init__.py,2ba44c51bd12b8a05360dd0cc861cca812f66847,855
addons/website_sale_options/tests/test_customize.py,2ba44c51bd12b8a05360dd0cc861cca812f66847,855
addons/stock/stock.py,e80014eae3a622c1491d3f2905b3b6b9e12c6be8,273
openerp/addons/base/ir/ir_qweb.py,f142250496d4409d823c076b53b67123085c2092,864
openerp/addons/base/res/res_users.py,a0ee2b5a5e08c182cbdbc816334e0bb68c87a043,848
addons/web/controllers/main.py,c0c6ff68eacd5d002d0e5b06f92f528b44fe957b,659
openerp/addons/base/ir/ir_qweb.py,c0c6ff68eacd5d002d0e5b06f92f528b44fe957b,659
openerp/addons/base/ir/ir_ui_view.py,c0c6ff68eacd5d002d0e5b06f92f528b44fe957b,659
addons/web/static/src/js/tour.js,a3aa8616a86e44f493064e622f5cd712af86bb90,853
addons/website/static/src/js/website.tour.js,a3aa8616a86e44f493064e622f5cd712af86bb90,853
addons/web/static/src/js/search.js,6d7f845374d67a09ae40dfcf2276880b4da3c670,846
addons/web/views/webclient_templates.xml,50fae5e8eabe540c8b9aea853b1d5390d3508643,842
addons/website/models/ir_ui_view.py,50fae5e8eabe540c8b9aea853b1d5390d3508643,842
openerp/addons/base/ir/ir_ui_menu.py,50fae5e8eabe540c8b9aea853b1d5390d3508643,842
addons/account/views/report_vat.xml,839a70511c6a60f5f4ac4eb6fa956dd96e808c7c,814
addons/report/controllers/main.py,839a70511c6a60f5f4ac4eb6fa956dd96e808c7c,814
addons/report/models/report.py,839a70511c6a60f5f4ac4eb6fa956dd96e808c7c,814
addons/report/views/layouts.xml,839a70511c6a60f5f4ac4eb6fa956dd96e808c7c,814
addons/sale/views/report_saleorder.xml,839a70511c6a60f5f4ac4eb6fa956dd96e808c7c,814
addons/website/models/website.py,839a70511c6a60f5f4ac4eb6fa956dd96e808c7c,814
addons/website/views/website_backend_navbar.xml,839a70511c6a60f5f4ac4eb6fa956dd96e808c7c,814
addons/website/views/website_templates.xml,839a70511c6a60f5f4ac4eb6fa956dd96e808c7c,814
addons/website_livechat/views/website_livechat.xml,839a70511c6a60f5f4ac4eb6fa956dd96e808c7c,814
addons/website_report/views/layouts.xml,839a70511c6a60f5f4ac4eb6fa956dd96e808c7c,814
addons/web/static/src/js/chrome.js,42a0b433edeba003b74b33aa262a3e06d8fa87dd,836
addons/mass_mailing/mass_mailing.py,18bbd757f0b67f059065e8c4e92809db57b15691,472
addons/mass_mailing/mass_mailing.py,18bbd757f0b67f059065e8c4e92809db57b15691,469
addons/l10n_in_hr_payroll/report/report_payslip_details.py,020f23a9d308abc09ad57c573ff159f385264402,806
openerp/service/db.py,c4c13f1b61ef922dc2edc384264c072fa38947b5,823
addons/point_of_sale/controllers/main.py,8915883a43003a91fa5fcb87a1d3ed461fa74a58,813
addons/stock/controllers/main.py,8915883a43003a91fa5fcb87a1d3ed461fa74a58,813
addons/web/static/src/css/base.css,b36f5d6d33260637013ae339525353c2fb2b1ef5,809
addons/web/static/src/css/base.sass,b36f5d6d33260637013ae339525353c2fb2b1ef5,809
addons/web/static/src/js/chrome.js,b36f5d6d33260637013ae339525353c2fb2b1ef5,809
addons/im/static/src/css/im.css,9fc9f994a77c7a5240916e025ecdb32adf511008,805
addons/report/controllers/main.py,e3992145fe0a5785899c5f012e8c62a04d187067,791
addons/report/models/report.py,e3992145fe0a5785899c5f012e8c62a04d187067,791
addons/report/views/layouts.xml,e3992145fe0a5785899c5f012e8c62a04d187067,791
addons/sale/views/report_saleorder.xml,e3992145fe0a5785899c5f012e8c62a04d187067,791
addons/website/views/website_templates.xml,e3992145fe0a5785899c5f012e8c62a04d187067,791
addons/website_livechat/views/website_livechat.xml,e3992145fe0a5785899c5f012e8c62a04d187067,791
addons/website_report/views/layouts.xml,e3992145fe0a5785899c5f012e8c62a04d187067,791
addons/report/controllers/main.py,5a7e2dc94397d9ac7a7a71c488975ff923a1f1f9,483
addons/report/models/report.py,5a7e2dc94397d9ac7a7a71c488975ff923a1f1f9,483
addons/report/views/layouts.xml,5a7e2dc94397d9ac7a7a71c488975ff923a1f1f9,483
addons/sale/views/report_saleorder.xml,5a7e2dc94397d9ac7a7a71c488975ff923a1f1f9,483
addons/website/views/website_templates.xml,5a7e2dc94397d9ac7a7a71c488975ff923a1f1f9,483
addons/website_livechat/views/website_livechat.xml,5a7e2dc94397d9ac7a7a71c488975ff923a1f1f9,483
addons/website_report/views/layouts.xml,5a7e2dc94397d9ac7a7a71c488975ff923a1f1f9,483
openerp/modules/loading.py,55b121ae9f687ecbf63719ce3468cc768cd0d50b,673
openerp/tests/common.py,f47768061b321bb5abd0698fa5009cd3baf9dce8,785
addons/web/static/src/css/base.css,f909ae917092d155dd275f1e3dc8f4938cfc7d21,784
addons/web/static/src/css/base.sass,f909ae917092d155dd275f1e3dc8f4938cfc7d21,784
addons/web/static/src/js/chrome.js,f909ae917092d155dd275f1e3dc8f4938cfc7d21,784
addons/web/static/src/js/core.js,f909ae917092d155dd275f1e3dc8f4938cfc7d21,784
addons/web/static/src/js/view_form.js,f909ae917092d155dd275f1e3dc8f4938cfc7d21,784
addons/web_kanban/static/src/js/kanban.js,f909ae917092d155dd275f1e3dc8f4938cfc7d21,784
addons/l10n_be_coda/l10n_be_coda.py,22e99755bb1dc75a50c15248b4784f2f7116d836,783
addons/website/controllers/main.py,975a9b621ae4598577ae8cca7218555fb7a9cef9,765
addons/website_forum/controllers/main.py,975a9b621ae4598577ae8cca7218555fb7a9cef9,765
addons/website/models/ir_http.py,bac08227e28fcd8fb16ea173308761ff1a8ad6f3,761
addons/account/account_invoice.py,19c0435743169519bfd9fafe7e56a18c15435941,751
addons/l10n_cl/l10n_cl_chart.xml,343cc85808b212cd6ac44fb71a03d7525124786e,757
addons/l10n_et/data/account.chart.template.csv,343cc85808b212cd6ac44fb71a03d7525124786e,757
addons/l10n_gt/l10n_gt_base.xml,343cc85808b212cd6ac44fb71a03d7525124786e,757
addons/l10n_pl/account_chart.xml,343cc85808b212cd6ac44fb71a03d7525124786e,757
addons/l10n_ro/account_chart.xml,343cc85808b212cd6ac44fb71a03d7525124786e,757
addons/l10n_si/data/account.chart.template.csv,343cc85808b212cd6ac44fb71a03d7525124786e,757
addons/l10n_syscohada/l10n_syscohada_data.xml,343cc85808b212cd6ac44fb71a03d7525124786e,757
addons/l10n_uk/data/account.chart.template.csv,343cc85808b212cd6ac44fb71a03d7525124786e,757
addons/l10n_uy/account_chart_template.xml,343cc85808b212cd6ac44fb71a03d7525124786e,757
addons/l10n_ve/data/account_chart.xml,343cc85808b212cd6ac44fb71a03d7525124786e,757
openerp/addons/base/res/res_country_data.xml,343cc85808b212cd6ac44fb71a03d7525124786e,757
openerp/addons/base/res/res_currency_data.xml,343cc85808b212cd6ac44fb71a03d7525124786e,757
openerp/osv/fields.py,4bfcbb2a480db6b72b6db84420a39dcf641bbbb1,595
addons/crm_claim/crm_claim.py,50871bb4fe48a69bdc0256978d112d24882c3ff8,725
addons/crm_claim/crm_claim.py,71ce98b364dab8d4a6fbf99e4276675ce48b8dda,726
openerp/service/server.py,a6c579c4fccacdfdd964a4c3248f8eff809d0db9,528
addons/document/document_view.xml,efa0e4218f407e266004ccc97906716210da0eee,727
addons/hr_applicant_document/views/hr_applicant.xml,efa0e4218f407e266004ccc97906716210da0eee,727
addons/mail/mail_message_view.xml,efa0e4218f407e266004ccc97906716210da0eee,727
openerp/osv/expression.py,53f7a5594b6abc5303f084e53944c202fd9e76c8,622
addons/account/account_bank_statement.py,113d2f95baa739c43b0ae216aeec0c46f23a1ac5,717
addons/account/static/src/js/account_widgets.js,113d2f95baa739c43b0ae216aeec0c46f23a1ac5,717
addons/account/static/src/xml/account_bank_statement_reconciliation.xml,113d2f95baa739c43b0ae216aeec0c46f23a1ac5,717
addons/l10n_be/wizard/l10n_be_vat_intra.py,05a87c9f8d2689a0b367db9d19ed954a7d8bb1e7,739
addons/web/static/src/js/view_list.js,f9ce9a00d08f28ab8c096df1e13661ff04f58c65,17
addons/website_sale/static/src/js/website.tour.shop.js,c81708a891c629480e927df7b1206b7c8c46de7c,732
addons/website_sale/views/templates.xml,c81708a891c629480e927df7b1206b7c8c46de7c,732
addons/portal_project_issue/security/ir.model.access.csv,f2c2deecd7655fa54a9d35e0a42d8f2658192f2f,680
addons/project_issue/__openerp__.py,f2c2deecd7655fa54a9d35e0a42d8f2658192f2f,680
addons/project_issue/project_issue.py,f2c2deecd7655fa54a9d35e0a42d8f2658192f2f,680
addons/project_issue/report/project_issue_report.py,f2c2deecd7655fa54a9d35e0a42d8f2658192f2f,680
addons/project_issue/security/ir.model.access.csv,f2c2deecd7655fa54a9d35e0a42d8f2658192f2f,680
addons/website/controllers/main.py,caea4a9aec3e69f6f0668ddf6915810d0ed7c0aa,621
addons/l10n_es/tax_codes_common.xml,36296d459eb49f794c94c74473eebe0374d31814,607
openerp/osv/orm.py,59c27970b56b60cadd3711db536492ad7c282564,706
addons/web/static/src/js/chrome.js,f39ea24f0b293cecc216b927c72528905ca99e51,718
addons/crm_claim/crm_claim.py,e57fdc074e4c81d6d3f2817c0f49ce5116dee3e0,679
addons/crm_claim/crm_claim_data.xml,e57fdc074e4c81d6d3f2817c0f49ce5116dee3e0,679
addons/crm_claim/crm_claim_view.xml,e57fdc074e4c81d6d3f2817c0f49ce5116dee3e0,679
addons/survey/controllers/main.py,5439be6b3c189e0bbfc7e406313d74dd3724c9f2,672
addons/survey/survey.py,5439be6b3c189e0bbfc7e406313d74dd3724c9f2,672
openerp/addons/base/ir/ir_http.py,e32cf31fa61488b1e133cc0a4aa95fdf998f6192,611
openerp/http.py,e32cf31fa61488b1e133cc0a4aa95fdf998f6192,611
addons/sale/sale.py,f855f1c1622716d68d2d64aec34f97f59d6ea47e,325
addons/website/static/src/js/website.editor.js,5023816c5577b312b06f04355365f1243ed2cdc9,627
addons/account/account_move_line.py,dc4178a9624e49b6bad7dc924206b22fc23d435e,649
addons/account/account_view.xml,dc4178a9624e49b6bad7dc924206b22fc23d435e,649
addons/account/wizard/account_chart.py,dc4178a9624e49b6bad7dc924206b22fc23d435e,649
addons/web/static/src/js/search.js,cdf87a206361e51895210ca3e24c5bfcace39939,648
addons/website/static/src/js/website.editor.js,697a055db7d174103e128cb7ec219bfe1241da82,643
addons/web/static/src/css/base.css,1a639ccd0397b49a7bde89a940a4712bac98e5b0,138
addons/web/static/src/css/base.sass,1a639ccd0397b49a7bde89a940a4712bac98e5b0,138
addons/l10n_be_invoice_bba/invoice.py,59b9452bd6b38e2a39f899ed224da2c8f1ee2baa,616
addons/mail/mail_thread.py,4bad513d29596abf2c614834a7592758186f0851,516
addons/mail/wizard/mail_compose_message.py,916a79184b2d17299ae0350bdcfcbe6006ad7d95,610
addons/mass_mailing/models/mail_mail.py,916a79184b2d17299ae0350bdcfcbe6006ad7d95,610
addons/mass_mailing/views/mass_mailing.xml,916a79184b2d17299ae0350bdcfcbe6006ad7d95,610
addons/website/static/src/js/website.mobile.js,916a79184b2d17299ae0350bdcfcbe6006ad7d95,610
addons/mail/mail_followers.py,839815fdd44742663742b3506329d5b46cb3e3f7,502
addons/mail/mail_group.py,839815fdd44742663742b3506329d5b46cb3e3f7,502
addons/mail/mail_mail.py,839815fdd44742663742b3506329d5b46cb3e3f7,502
addons/mail/mail_thread.py,839815fdd44742663742b3506329d5b46cb3e3f7,502
addons/website_mail_group/__init__.py,839815fdd44742663742b3506329d5b46cb3e3f7,502
addons/website_mail_group/controllers/main.py,839815fdd44742663742b3506329d5b46cb3e3f7,502
addons/website_mail_group/models/__init__.py,839815fdd44742663742b3506329d5b46cb3e3f7,502
addons/website_mail_group/models/mail_group.py,839815fdd44742663742b3506329d5b46cb3e3f7,502
addons/website_mail_group/views/website_mail_group.xml,839815fdd44742663742b3506329d5b46cb3e3f7,502
addons/website/models/ir_http.py,0f72f6517d63100dd839f1415d97a4f451a344a5,525
addons/website/controllers/main.py,267e5db737b02d4defd4655dcd1a038c5cde342a,587
addons/website/controllers/main.py,267e5db737b02d4defd4655dcd1a038c5cde342a,452
addons/product/product.py,b4cbac3cba20f9e8e3956c7104bd6589d78f953d,542
addons/website/static/src/js/website.snippets.editor.js,6a5c6c89ec6d8a91c3a79eeff472ace46925689c,554
addons/stock/stock_view.xml,55d3789a0afcdeed5e467e0239fb226ccba7b23e,549
openerp/osv/orm.py,b4ea1965e541a3def3a5b7715b0c8586eba96019,559
openerp/addons/base/ir/ir_actions.py,8dc02ebb6f31b5a55e4efa5fa58d57f39fb86102,90
openerp/addons/base/ir/ir_ui_menu.py,8dc02ebb6f31b5a55e4efa5fa58d57f39fb86102,90
addons/web_graph/static/src/js/graph_widget.js,47647c6c49fdada99add030de816792e7d442df0,521
addons/website_sale/controllers/main.py,f469fc285e685063943cca085968b3f765cd3224,524
addons/website_sale/views/templates.xml,f469fc285e685063943cca085968b3f765cd3224,524
addons/event_sale/event_sale.py,cd95dc1a8f052a9bdd310b7e0a46f6479abb3eda,522
addons/event/static/src/css/event.css,3f6245e85ff639bee14a36b1c7dd9de4cec016a9,137
addons/event/report/report_event_registration.py,e6e61298b1652e6ca0b54f8472957394578a49ef,111
addons/account_report_company/account_report_company.py,80b8dcdbfa2ef239947c7069ac81b94f57ed5105,336
openerp/osv/fields.py,5bfba180e8fcb2fe21dd14ead8abca3960a8f446,506
openerp/osv/orm.py,5bfba180e8fcb2fe21dd14ead8abca3960a8f446,506
addons/survey/survey.py,114e95b113ee30f8edb965b938739948496f2168,508
addons/report/controllers/main.py,63adb6763848f8540259463a5f8913e605be276e,204
addons/report/views/layouts.xml,63adb6763848f8540259463a5f8913e605be276e,204
addons/website_report/views/layouts.xml,63adb6763848f8540259463a5f8913e605be276e,204
addons/account/account_move_line.py,5d77de54e5c1b7465d133e508f8986b8249e0368,417
addons/delivery/__openerp__.py,67d127de8328f5ccd9a1e828c3f82bd263f0a779,413
addons/delivery/stock.py,67d127de8328f5ccd9a1e828c3f82bd263f0a779,413
addons/delivery/test/delivery_chained_pickings.yml,67d127de8328f5ccd9a1e828c3f82bd263f0a779,413
addons/hr_timesheet_sheet/hr_timesheet_sheet_view.xml,882ebbbd4055065782d799db88d7fbeed293e874,411
addons/account_analytic_plans/account_analytic_plans.py,65752d3a086d1e4205c7fdb9c6b41494db608ed4,383
addons/mass_mailing/mass_mailing.py,9fc4ad99f0736b31ac58e25d7eb7a70c7d3ec7f9,469
addons/website/static/src/js/website.editor.newpage.js,53315288a87fce960f4261222ef125e5793b5a8a,465
addons/account/account_invoice.py,a15681c348859bdee1c1191ffc76c6a0295b618d,453
addons/account_analytic_default/account_analytic_default.py,a15681c348859bdee1c1191ffc76c6a0295b618d,453
addons/account/account_invoice.py,a15681c348859bdee1c1191ffc76c6a0295b618d,270
addons/account_analytic_default/account_analytic_default.py,a15681c348859bdee1c1191ffc76c6a0295b618d,270
addons/delivery/sale.py,505b31a2b321fdf12ba5846ae87aa32df5b4a580,415
addons/account_analytic_default/account_analytic_default.py,37bff3b62c5c98120cf7ed772a3964d09229675f,270
addons/report_webkit/webkit_report.py,6fdb783a378104700138dd0abcc571856fdc9541,56
addons/delivery/__openerp__.py,ac117ac2200a250de9be44cebe172bd512a8afbd,367
addons/delivery/stock.py,ac117ac2200a250de9be44cebe172bd512a8afbd,367
addons/delivery/test/delivery_chained_pickings.yml,ac117ac2200a250de9be44cebe172bd512a8afbd,367
openerp/osv/fields.py,548c8e6675557029037e0aa59e805300982549cb,404
addons/website_crm/controllers/main.py,286ced7183b746c9f580d47679150100068fe005,405
openerp/cli/scaffold.py,24141a64b7fa4001e6c48484201f82b03c4c5bd3,338
openerp/cli/scaffold/__openerp__.jinja2,24141a64b7fa4001e6c48484201f82b03c4c5bd3,338
openerp/cli/scaffold/models.jinja2,24141a64b7fa4001e6c48484201f82b03c4c5bd3,338
addons/mrp_byproduct/mrp_byproduct.py,585d38c0a9e72d017daaef29a9a29e903f749b21,357
openerp/http.py,bd51bf1e3508df7db96dfb16d3f0bafaf5b0f117,358
odoo.py,254c65b0c4ecee2ef003a542c3e51f00c73a1ee9,352
openerp/addons/base/ir/ir_qweb.py,d1b0d2586b82a883f21914c64b76aaffe3a42550,282
addons/mrp/mrp.py,651e5acd5dc3b0e4f88473d881c0d24bb7ef9020,344
openerp/cli/deploy.py,c91c5ec164611aaec3380fed8c9413b1b9f48620,332
openerp/cli/scaffold.py,c91c5ec164611aaec3380fed8c9413b1b9f48620,332
addons/product/product_demo.xml,7770ca8013abfe519abdf6f23aebb4cb164f404f,320
addons/website_sale/static/src/css/website_sale.css,7770ca8013abfe519abdf6f23aebb4cb164f404f,320
addons/website_sale/static/src/css/website_sale.sass,7770ca8013abfe519abdf6f23aebb4cb164f404f,320
addons/website_sale/static/src/js/website_sale.js,7770ca8013abfe519abdf6f23aebb4cb164f404f,320
addons/website_sale/views/templates.xml,7770ca8013abfe519abdf6f23aebb4cb164f404f,320
addons/product/product.py,a07af9e715a2853012ff9e1909af722795c8fbba,322
addons/product/__openerp__.py,c1ae43c80764fafd154f09bbff4c12543e881609,292
addons/product/product.py,f911d213b08984fc4cc3dfe47e2bddd3312e5687,298
addons/product/product_view.xml,f911d213b08984fc4cc3dfe47e2bddd3312e5687,298
addons/mail/mail_thread.py,c1b2b657fa653bfe30b818afcf1fc17fd58c0116,288
addons/mass_mailing/models/mass_mailing.py,c1b2b657fa653bfe30b818afcf1fc17fd58c0116,288
addons/mass_mailing/wizard/mail_compose_message.py,c1b2b657fa653bfe30b818afcf1fc17fd58c0116,288
addons/mail/mail_thread.py,530d8bf3ceb2ca43beb3d320de501908c6d14dc5,286
addons/fleet/fleet_cars.xml,74600a80357e9bd86b6a793dd1f0223e2c815efc,301
addons/fleet/static/img/brand_land rover-image.png,74600a80357e9bd86b6a793dd1f0223e2c815efc,301
addons/edi/static/src/js/edi.js,444b18e4944a16ac7523c7dfa9aa4eb45f7d8b92,300
addons/web_kanban/static/src/js/kanban.js,444b18e4944a16ac7523c7dfa9aa4eb45f7d8b92,300
addons/website_sale/models/sale_order.py,67bff17ecbbf45a7d3a2e09e6290002f958b5e2c,287
addons/website_sale/static/src/js/website.tour.sale.js,67bff17ecbbf45a7d3a2e09e6290002f958b5e2c,287
addons/website_sale/views/templates.xml,67bff17ecbbf45a7d3a2e09e6290002f958b5e2c,287
addons/website_sale/views/views.xml,67bff17ecbbf45a7d3a2e09e6290002f958b5e2c,287
addons/mrp/mrp_view.xml,080b473d1d36856057c37d3a0503ae35ee28ecd6,5142037
addons/website_mail/views/website_mail.xml,7dd10060df8ef3ec64c0ca264f1d096e027c1846,263
addons/website_mail/controllers/main.py,57c85a8b7aa8ee97632f6111978fc9aa35700882,251
addons/website_mail/views/snippets.xml,57c85a8b7aa8ee97632f6111978fc9aa35700882,251
addons/website_mail/views/website_mail.xml,57c85a8b7aa8ee97632f6111978fc9aa35700882,251
addons/website_mail_group/__openerp__.py,57c85a8b7aa8ee97632f6111978fc9aa35700882,251
addons/website_mail_group/controllers/main.py,57c85a8b7aa8ee97632f6111978fc9aa35700882,251
addons/website_mail_group/static/src/js/website_mail_group.editor.js,57c85a8b7aa8ee97632f6111978fc9aa35700882,251
addons/website_mail_group/static/src/js/website_mail_group.snippet.js,57c85a8b7aa8ee97632f6111978fc9aa35700882,251
addons/website_mail_group/views/snippets.xml,57c85a8b7aa8ee97632f6111978fc9aa35700882,251
addons/website_mail_group/views/website_mail_group.xml,57c85a8b7aa8ee97632f6111978fc9aa35700882,251
openerp/addons/base/ir/ir_qweb.xml,b4adf79ea7335cd504eb7b2e0cbf79dc99c8f92b,238
addons/web/static/src/js/view_form.js,aeaa826d2f29aa6dadb65051a2db1652fa87e3b7,221
addons/website_event_sale/static/src/js/website.tour.event_sale.js,c24848fea957553f79d9bf56f73f6bd510c226fc,234
addons/website_sale/static/src/js/website.tour.sale.js,c24848fea957553f79d9bf56f73f6bd510c226fc,234
openerp/addons/base/ir/ir_qweb.py,3b32464ed2ce8725651e884a80bc29e423d6ab2a,202
addons/mail/mail_thread.py,7c86e2aa30fa1403fea575af38824149176fc7e0,232
addons/mass_mailing/models/mass_mailing.py,7c86e2aa30fa1403fea575af38824149176fc7e0,232
addons/web/static/src/js/view_form.js,7c86e2aa30fa1403fea575af38824149176fc7e0,232
addons/account/account_invoice_view.xml,222e7915a62c1e11a9e2d4b66c628a984af8b894,206
addons/delivery/delivery.py,8b546d20adc5c7b27ecf1e64a2e80d3d36059f5a,203
addons/crm_partner_assign/security/ir.model.access.csv,532b979f600fc0e95986ffd82536bf96df5e84f2,210
addons/website/controllers/main.py,1e68947a16a41cd1ebbec85aa300f2c6f5dd6a30,212
addons/website_forum/controllers/main.py,ba4ce723fdadc1ef31bd60b03c6b8c4792a7fd71,209
addons/website_forum/views/website_forum.xml,ba4ce723fdadc1ef31bd60b03c6b8c4792a7fd71,209
addons/report/views/layouts.xml,2a2f7af62e1937c426bade4f1ff1ff42f6c88159,200
addons/website/static/src/js/website.seo.js,2a2f7af62e1937c426bade4f1ff1ff42f6c88159,200
addons/website/views/website_templates.xml,2a2f7af62e1937c426bade4f1ff1ff42f6c88159,200
addons/account/views/report_invoice.xml,3a3590b6f71c526d83fb5b4a9fb2ed38c775b509,119
addons/account/views/report_overdue.xml,3a3590b6f71c526d83fb5b4a9fb2ed38c775b509,119
addons/account_followup/views/report_followup.xml,3a3590b6f71c526d83fb5b4a9fb2ed38c775b509,119
addons/hr_payroll/views/report_payslip.xml,3a3590b6f71c526d83fb5b4a9fb2ed38c775b509,119
addons/lunch/views/report_lunchorder.xml,3a3590b6f71c526d83fb5b4a9fb2ed38c775b509,119
addons/mrp_repair/views/report_mrprepairorder.xml,3a3590b6f71c526d83fb5b4a9fb2ed38c775b509,119
addons/purchase/views/report_purchaseorder.xml,3a3590b6f71c526d83fb5b4a9fb2ed38c775b509,119
addons/purchase/views/report_purchasequotation.xml,3a3590b6f71c526d83fb5b4a9fb2ed38c775b509,119
addons/report/controllers/main.py,3a3590b6f71c526d83fb5b4a9fb2ed38c775b509,119
addons/report/data/report_paperformat.xml,3a3590b6f71c526d83fb5b4a9fb2ed38c775b509,119
addons/report/models/report.py,3a3590b6f71c526d83fb5b4a9fb2ed38c775b509,119
addons/report/static/src/js/qwebactionmanager.js,3a3590b6f71c526d83fb5b4a9fb2ed38c775b509,119
addons/report_intrastat/views/report_intrastatinvoice.xml,3a3590b6f71c526d83fb5b4a9fb2ed38c775b509,119
addons/sale/views/report_saleorder.xml,3a3590b6f71c526d83fb5b4a9fb2ed38c775b509,119
openerp/addons/base/ir/ir_actions.py,3a3590b6f71c526d83fb5b4a9fb2ed38c775b509,119
openerp/tools/test_reports.py,3a3590b6f71c526d83fb5b4a9fb2ed38c775b509,119
addons/website/models/ir_qweb.py,1b0bfd21871d96d99e674b19abc9d7ca10cc7ff9,172
addons/website_crm_partner_assign/views/website_crm_partner_assign.xml,1b0bfd21871d96d99e674b19abc9d7ca10cc7ff9,172
addons/website/models/ir_http.py,c69f0260efb496806696c25d1c8eea5725d52da7,170
addons/website/views/website_templates.xml,c69f0260efb496806696c25d1c8eea5725d52da7,170
addons/point_of_sale/static/src/xml/pos.xml,a3f5da5f4f98eb42e4b7a0dc2f868db362fd0e87,168
addons/point_of_sale/static/src/xml/pos.xml,a3f5da5f4f98eb42e4b7a0dc2f868db362fd0e87,167
addons/point_of_sale/static/src/xml/pos.xml,5d8927e2b10ecbff385d7b4bb1b0a8f671ee1fa2,167
addons/website_sale/controllers/main.py,ada00bbe3243076dd56169902c1d4dc6535fc9ec,164
addons/base_gengo/doc/changelog.rst,8ad97da843bbd5c34f44dc4d5f7a4942179cf7b8,159
addons/base_gengo/wizard/base_gengo_translations.py,8ad97da843bbd5c34f44dc4d5f7a4942179cf7b8,159
addons/report_webkit/webkit_report.py,1ae8c980c3f52d08746f53644d44b64c29c1d26a,55
addons/website_event_track/controllers/event.py,7184f8c3f0477f9b0a5296c8ed0b78d6206e592d,127
addons/website_event_track/views/website_event.xml,7184f8c3f0477f9b0a5296c8ed0b78d6206e592d,127
addons/account_budget/account_budget.py,91d61212e1e7280242992ee3df1288900ea8e703,14
openerp/tools/config.py,7adfaf786d849d6a9ea0400b0faadcc09af27081,97
openerp/tools/config.py,7adfaf786d849d6a9ea0400b0faadcc09af27081,29
addons/website_hr_recruitment/security/website_hr_recruitment_security.xml,a7b7fa3d4a94edd4cd9a3c6ae429a7d36c9b5d45,96
addons/website/models/ir_http.py,6808b174c2130b9008025606822c5a0920f6003d,66
README.md,b27a3351af1cad72b852788a2a59a79256e6e644,54
oe,be77d7a128634b93ed0ba843e9c8fe3312715f9b,51
addons/hw_proxy/doc/index.rst,7d00167dbbdb776b760f9e91367d6994c4071787,48
addons/website_blog/doc/blog_blog.rst,7d00167dbbdb776b760f9e91367d6994c4071787,48
addons/website_blog/doc/changelog.rst,7d00167dbbdb776b760f9e91367d6994c4071787,48
openerp/http.py,7d00167dbbdb776b760f9e91367d6994c4071787,48
setup.py,f1a1c6e98835d11a3618587759b7f5e5e2d5c3ad,46
addons/website_blog/controllers/main.py,381605aa2d1986d58c81d4639b753d1ec8e4685c,45
openerp/report/report_sxw.py,201701f38c7cbb0b056c8bf680b671daa31235ad,38
openerp/osv/orm.py,072485799c87d45c460c7aa76fb2f0e7be1b82ef,27
.gitignore,59101be73b1a1b32b8732a80927305e28f828b9a,44
README.md,707366313c0aeaeae2378f24cece6e7921c12f2e,39
openerp/report/report_sxw.py,bd36f362818327ac728b2f5b3408da5589059270,24
openerp/report/report_sxw.py,bd36f362818327ac728b2f5b3408da5589059270,36
addons/account_budget/wizard/account_budget_crossovered_summary_report.py,c771d1ae20a6518278f7572ebdbd86f8cbbb48a4,12
addons/account_budget/wizard/account_budget_crossovered_summary_report.py,c771d1ae20a6518278f7572ebdbd86f8cbbb48a4,11
addons/account_budget/wizard/account_budget_crossovered_summary_report.py,88d7ebc3829f65995d156cdd07bd00786acc2281,11
addons/sale/sale.py,f631757f37f117457d1242b22c0d81c61de4e7d7,592166
addons/membership/membership_demo.xml,3754eedf84ff3c8ca5a6d86593a1289ad91402ea,602129
addons/hr_expense/hr_expense.py,af6eba141423789009a6ca3cf89ed80c8a661cc8,603952
addons/product_margin/product_margin.py,cb3791d83de68dcc5c65b173b8beeb6a2274ba5a,591893
openerp/osv/orm.py,6f8825d67a653f26b1014f372db6545ceaac9a7b,604792
addons/website/models/ir_http.py,a2fb61835476ce4a482ea5df8fcdebe2ae47840e,5173
addons/website/models/ir_ui_view.py,a2fb61835476ce4a482ea5df8fcdebe2ae47840e,5173
addons/website/views/website_templates.xml,a2fb61835476ce4a482ea5df8fcdebe2ae47840e,5173
addons/website/static/src/js/website.editor.js,620652c4200cb2906fcd2ae259f8af0bde282551,5445
addons/crm/crm_lead.py,b2fa77fd310e98a79caf2f0689e1a64d7c37c702,600751
addons/crm/i18n/crm.pot,b2fa77fd310e98a79caf2f0689e1a64d7c37c702,600751
addons/hr_payroll/hr_payroll.py,4c0c6bbc76dd3513e10475c4c7fa60181171bf25,602411
addons/web/static/src/js/data.js,ad7951214cbed54f799cc199711c9ee58434e372,600224
addons/web/static/src/js/view_form.js,ad7951214cbed54f799cc199711c9ee58434e372,600224
openerp/osv/orm.py,b7865502e49be27aa1c72adb0a49676dc7c6b747,596679
addons/auth_signup/static/src/js/auth_signup.js,b124712b578898b44d8346745e2990a2d7297fef,598453
addons/sale_stock/stock.py,1fe9b19c836ed55b4aba7552a94a5562cd8326e3,599716
addons/product_visible_discount/product_visible_discount.py,fec1c724524bc3dfc6c49d5245772dd20888bd0a,598290
openerp/report/render/rml2pdf/trml2pdf.py,6792d85b440b47bf581dc996edea3c0d55a3546e,15
addons/purchase/purchase.py,9134b1b6d72e757799be903c269e474f3792aea2,596294
addons/purchase/purchase.py,44d117398a3d6c8718395931dca9de8c161f387b,596294
addons/web/static/src/js/view_list.js,dcf15108f02060f2547d2b8b4161a183a22d5bdc,599969
addons/web/static/src/js/view_list.js,9edf16f6690f14a98c39d7b24ab5e8ece7b53a88,599969
addons/web/static/src/js/view_list.js,d524b95172f51f22f7d56f503a72f930de573271,599969
addons/account/partner.py,a2e0acf7d4d8b4cebd94f5b239edb841d99915be,11
addons/account_analytic_analysis/account_analytic_analysis.py,b325c633090eeb5575ea62119c516bfaf7aba05f,597966
addons/project/project_view.xml,a8c7f45c36f7be62a87afbaf0037c7f60398b7bc,590451
addons/stock/stock_view.xml,78af4af87b8b7dfe41665e6877a08e47ba1b3530,591370
addons/mrp_operations/mrp_operations_view.xml,f4c9e9db652e0bbc622515cfefe83d9377b1c5ae,591367
addons/account/account_invoice_view.xml,a2d726354bf9f51ae6003b0b05a63a6f47192acd,590277
addons/product/product.py,d241afa6bd5ce4d81fc8c39f6daacb47d3d4dbad,585031
addons/project/project.py,56bb110c4645977dc6f0c79dd3e0948ec0a56fbd,589907
openerp/tools/translate.py,3276861ff6125d02e08b5c5b12b75925e056c4bc,971412
addons/web/static/src/css/base.css,d2f220adf6ccc9e4df2e6a9892001b5fce79eddb,590181
addons/account/account_move_line.py,1bdd49c23a5166ef4fd6d57c6e732b0332fe8420,594546
openerp/report/report_sxw.py,6fcd169b527b9f9babc2295b0c2b5a01ea695d87,593932
addons/account_voucher/account_voucher.py,3b61eb8627e74fc96e5ecc0c6b14744fb41627d9,593977
addons/document/document.py,1edc9e6551dee022b2ad62f57aaaf76c24938ac2,592652
addons/stock/report/picking.rml,6dcb9a8ed8f695706bd2c03c40f98a5c02ab3b2e,1192195
addons/account/account_invoice.py,65ff677697684f6f92127e8d4b200ecd57d1b72e,34
addons/account/account_invoice_view.xml,65ff677697684f6f92127e8d4b200ecd57d1b72e,34
addons/account/partner.py,65ff677697684f6f92127e8d4b200ecd57d1b72e,34
addons/account/partner_view.xml,65ff677697684f6f92127e8d4b200ecd57d1b72e,34
addons/account/project/project_view.xml,65ff677697684f6f92127e8d4b200ecd57d1b72e,34
addons/account_analytic_analysis/account_analytic_analysis_view.xml,65ff677697684f6f92127e8d4b200ecd57d1b72e,34
addons/account_asset/account_asset_view.xml,65ff677697684f6f92127e8d4b200ecd57d1b72e,34
addons/account_asset/report/account_asset_report_view.xml,65ff677697684f6f92127e8d4b200ecd57d1b72e,34
addons/account_report_company/__init__.py,65ff677697684f6f92127e8d4b200ecd57d1b72e,34
addons/account_report_company/__openerp__.py,65ff677697684f6f92127e8d4b200ecd57d1b72e,34
addons/account_report_company/account_invoice_view.xml,65ff677697684f6f92127e8d4b200ecd57d1b72e,34
addons/account_report_company/account_report_company.py,65ff677697684f6f92127e8d4b200ecd57d1b72e,34
addons/account_report_company/report/__init__.py,65ff677697684f6f92127e8d4b200ecd57d1b72e,34
addons/account_report_company/report/account_invoice_report.py,65ff677697684f6f92127e8d4b200ecd57d1b72e,34
addons/account_report_company/report/account_invoice_report_view.xml,65ff677697684f6f92127e8d4b200ecd57d1b72e,34
addons/account_report_company/res_partner_view.xml,65ff677697684f6f92127e8d4b200ecd57d1b72e,34
addons/account_voucher/account_voucher_view.xml,65ff677697684f6f92127e8d4b200ecd57d1b72e,34
addons/account_voucher/voucher_payment_receipt_view.xml,65ff677697684f6f92127e8d4b200ecd57d1b72e,34
addons/account_voucher/voucher_sales_purchase_view.xml,65ff677697684f6f92127e8d4b200ecd57d1b72e,34
addons/base_vat/base_vat.py,65ff677697684f6f92127e8d4b200ecd57d1b72e,34
addons/crm/crm_lead_view.xml,65ff677697684f6f92127e8d4b200ecd57d1b72e,34
addons/crm/crm_phonecall_view.xml,65ff677697684f6f92127e8d4b200ecd57d1b72e,34
addons/crm/report/crm_lead_report_view.xml,65ff677697684f6f92127e8d4b200ecd57d1b72e,34
addons/crm/report/crm_phonecall_report_view.xml,65ff677697684f6f92127e8d4b200ecd57d1b72e,34
addons/crm_claim/crm_claim_view.xml,65ff677697684f6f92127e8d4b200ecd57d1b72e,34
addons/crm_claim/report/crm_claim_report_view.xml,65ff677697684f6f92127e8d4b200ecd57d1b72e,34
addons/crm_helpdesk/crm_helpdesk_view.xml,65ff677697684f6f92127e8d4b200ecd57d1b72e,34
addons/crm_helpdesk/report/crm_helpdesk_report_view.xml,65ff677697684f6f92127e8d4b200ecd57d1b72e,34
addons/l10n_be_invoice_bba/partner.py,65ff677697684f6f92127e8d4b200ecd57d1b72e,34
addons/l10n_ro/res_partner.py,65ff677697684f6f92127e8d4b200ecd57d1b72e,34
addons/mrp_repair/mrp_repair_view.xml,65ff677697684f6f92127e8d4b200ecd57d1b72e,34
addons/product/partner.py,65ff677697684f6f92127e8d4b200ecd57d1b72e,34
addons/product/partner_view.xml,65ff677697684f6f92127e8d4b200ecd57d1b72e,34
addons/project/project_view.xml,65ff677697684f6f92127e8d4b200ecd57d1b72e,34
addons/project/report/project_report_view.xml,65ff677697684f6f92127e8d4b200ecd57d1b72e,34
addons/project_issue/project_issue_view.xml,65ff677697684f6f92127e8d4b200ecd57d1b72e,34
addons/project_issue/report/project_issue_report_view.xml,65ff677697684f6f92127e8d4b200ecd57d1b72e,34
addons/purchase/partner.py,65ff677697684f6f92127e8d4b200ecd57d1b72e,34
addons/purchase/purchase_view.xml,65ff677697684f6f92127e8d4b200ecd57d1b72e,34
addons/sale/res_partner_view.xml,65ff677697684f6f92127e8d4b200ecd57d1b72e,34
addons/sale/sale.py,65ff677697684f6f92127e8d4b200ecd57d1b72e,34
addons/sale/sale_view.xml,65ff677697684f6f92127e8d4b200ecd57d1b72e,34
addons/sale_journal/sale_journal.py,65ff677697684f6f92127e8d4b200ecd57d1b72e,34
addons/sale_journal/sale_journal_view.xml,65ff677697684f6f92127e8d4b200ecd57d1b72e,34
addons/sale_stock/stock.py,65ff677697684f6f92127e8d4b200ecd57d1b72e,34
addons/sale_stock/test/picking_order_policy.yml,65ff677697684f6f92127e8d4b200ecd57d1b72e,34
addons/stock/report/report_stock_move_view.xml,65ff677697684f6f92127e8d4b200ecd57d1b72e,34
addons/stock/stock_view.xml,65ff677697684f6f92127e8d4b200ecd57d1b72e,34
addons/marketing/marketing_view.xml,b266ed13971f8001204277ccaa8439857c8cc0d6,586156
addons/account/account_invoice.py,81037740e1166a27a112a6ee878e423ac51eb8dd,585361
addons/crm/crm_lead_view.xml,c7f2b08dc4ec264dfc3a46f8bf6345a53551f766,585376
addons/project_issue/project_issue_view.xml,c01e0943b958253181207ad83fc2fe883789b8df,586319
